<?xml version="1.0" encoding="UTF-8"?>
<!DOCTYPE manifest PUBLIC "DarManifest 0.1.0" "http://darformat.org/DarManifest-0.1.0.dtd"><dar><!-- Generated by Fidus Writer --><documents><document id="manuscript" name="Digitale Publikationen im Kulturbereich" type="article" path="manuscript.xml" /></documents><assets><asset id="76e32c27-79e3-4621-91ea-0eb264cb75d6" mime-type="image/png" name="Four directions" path="76e32c27-79e3-4621-91ea-0eb264cb75d6.png"/><asset id="bd0c8035-a19d-4243-ba9a-47f988f8130b" mime-type="image/png" name="Are you familiar" path="bd0c8035-a19d-4243-ba9a-47f988f8130b.png"/><asset id="e6bd38a3-684a-4c80-ab68-5be59390bb6d" mime-type="image/png" name="term enhanced publication" path="e6bd38a3-684a-4c80-ab68-5be59390bb6d.png"/><asset id="f553dc2f-5423-46c3-84c9-7de4f7baa7bc" mime-type="image/png" name="let us know spontaneously" path="f553dc2f-5423-46c3-84c9-7de4f7baa7bc.png"/><asset id="4853012b-81a4-4dda-a758-5f634ef7e98b" mime-type="image/png" name="Please provide title" path="4853012b-81a4-4dda-a758-5f634ef7e98b.png"/><asset id="3e803bbb-9f80-49fa-a0e1-0263fca6d2a5" mime-type="image/png" name="Please provide title" path="3e803bbb-9f80-49fa-a0e1-0263fca6d2a5.png"/><asset id="0896efca-de81-41c7-b797-f3df5950584d" mime-type="image/png" name="Symphony No 5" path="0896efca-de81-41c7-b797-f3df5950584d.png"/><asset id="13e3f300-9748-40d8-8395-4efb8316f426" mime-type="image/png" name="image 6 + 7" path="13e3f300-9748-40d8-8395-4efb8316f426.png"/><asset id="ebe86d17-c2b6-402e-be95-e4a0dedc0f7a" mime-type="image/png" name="image 20 21" path="ebe86d17-c2b6-402e-be95-e4a0dedc0f7a.png"/><asset id="d32c5547-f770-4675-bc75-44586d99811d" mime-type="image/png" name="image 1 2" path="d32c5547-f770-4675-bc75-44586d99811d.png"/><asset id="bbf1c103-730f-4b7c-9243-745e8f79fc2e" mime-type="image/png" name="Digital Mozart Score" path="bbf1c103-730f-4b7c-9243-745e8f79fc2e.png"/><asset id="5791a023-257e-4802-98ec-ce70ed7bd425" mime-type="image/png" name="following features" path="5791a023-257e-4802-98ec-ce70ed7bd425.png"/><asset id="789ea77f-73da-4920-9d29-f1fc693d797d" mime-type="image/png" name="where to publish" path="789ea77f-73da-4920-9d29-f1fc693d797d.png"/><asset id="553c4796-2b0b-4ec0-ac07-727ebcb1233d" mime-type="image/png" name="Personal details" path="553c4796-2b0b-4ec0-ac07-727ebcb1233d.png"/></assets></dar>