<?xml version="1.0" encoding="UTF-8"?>
<!DOCTYPE article PUBLIC "-//NLM//DTD JATS (Z39.96) Journal Archiving and Interchange DTD v1.2 20190208//EN" "https://jats.nlm.nih.gov/archiving/1.2/JATS-archivearticle1.dtd">
<article xmlns:xlink="http://www.w3.org/1999/xlink" xmlns:ali="http://www.niso.org/schemas/ali/1.0/"><front><article-meta><article-categories></article-categories><title-group><article-title>Bericht</article-title></title-group><permissions/></article-meta></front><body id="body"><disp-quote><p id="p-1">Englische Version: <italic><ext-link xlink:href="https://tibhannover.github.io/digital-publications-in-culture-survey-results/" ext-link-type="uri" xlink:title="null">Digital Publications in Culture: Examples and Key Features – Survey Results from the NFDI4Culture Community</ext-link></italic></p></disp-quote><p id="p-2"><bold>Der Aufgabenbereich TA4 „Datenpublikation und Langzeitarchivierung” der </bold><bold><ext-link xlink:href="https://nfdi4culture.de/" ext-link-type="uri" xlink:title="NFDI4Culture">NFDI4Culture</ext-link></bold><bold> untersucht, welche Initiativen ihre Publikationen für Open Scholarship verbessern. Ziel ist es, Guidelines für Wissenschaftler:innen zu erstellen, um digitale Publikationen samt Forschungsdaten mit Schwerpunkt digitale Langzeitarchivierung zu veröffentlichen.</bold></p><p id="p-3"><bold>Um ein umfassendes Verständnis der bestehenden Enhanced Publications in der NFDI4Culture Community zu erhalten, wurde eine Online-Umfrage durchgeführt. Ihr Ziel war es, weitere repräsentative Beispiele zu sammeln. Die Umfrage diente auch dazu, ein besseres Verständnis dafür zu erlangen, was die NFDI4Culture Community unter einer Enhanced Publication versteht und welche Merkmale sie damit assoziiert.</bold></p><p id="p-4"><bold>Die Umfrage hat gezeigt, dass es eine Vielzahl von Kontexten gibt, die über Standard-Forschungspublikationen oder digitale Sammlungen hinausgehen. Darüber hinaus hat sie gezeigt, dass ein Begriff benötigt wird, der multimodale, multimediale und multilokale Publikationen erfassen kann.</bold></p><p id="p-5"><bold>Schlagwörter:</bold> <ext-link xlink:href="https://www.wikidata.org/wiki/Q732577" ext-link-type="uri" xlink:title="https://www.wikidata.org/wiki/Q732577">Veröffentlichung</ext-link>, <ext-link xlink:href="https://www.wikidata.org/wiki/Q11042" ext-link-type="uri" xlink:title="https://www.wikidata.org/wiki/Q11042">Kultur</ext-link>, <ext-link xlink:href="https://www.wikidata.org/wiki/Q17112971" ext-link-type="uri" xlink:title="https://www.wikidata.org/wiki/Q17112971">erweiterte Veröffentlichung</ext-link>, <ext-link xlink:href="https://www.wikidata.org/wiki/Q309823" ext-link-type="uri" xlink:title="https://www.wikidata.org/wiki/Q309823">offene Forschung</ext-link>, <ext-link xlink:href="https://www.wikidata.org/wiki/Q29032644" ext-link-type="uri" xlink:title="https://www.wikidata.org/wiki/Q29032644">FAIR</ext-link>, <ext-link xlink:href="https://www.wikidata.org/wiki/Q232932" ext-link-type="uri" xlink:title="https://www.wikidata.org/wiki/Q232932">offener Zugang</ext-link>, <ext-link xlink:href="https://www.wikidata.org/wiki/Q420330" ext-link-type="uri" xlink:title="https://www.wikidata.org/wiki/Q420330">PID</ext-link>, <ext-link xlink:href="https://www.wikidata.org/wiki/Q18692990" ext-link-type="uri" xlink:title="https://www.wikidata.org/wiki/Q18692990">LOD</ext-link>, <ext-link xlink:href="https://www.wikidata.org/wiki/Q10418049" ext-link-type="uri" xlink:title="https://www.wikidata.org/wiki/Q10418049">Archivierung</ext-link>, <ext-link xlink:href="https://www.wikidata.org/wiki/Q632897" ext-link-type="uri" xlink:title="https://www.wikidata.org/wiki/Q632897">digitale Langzeitarchivierung</ext-link>, <ext-link xlink:href="https://www.wikidata.org/wiki/Q131765" ext-link-type="uri" xlink:title="https://www.wikidata.org/wiki/Q131765">Multimedia</ext-link>, <ext-link xlink:href="https://www.wikidata.org/wiki/Q738567" ext-link-type="uri" xlink:title="https://www.wikidata.org/wiki/Q738567">multimodal</ext-link>, <ext-link xlink:href="https://www.wikidata.org/wiki/Q180634" ext-link-type="uri" xlink:title="https://www.wikidata.org/wiki/Q180634">verteilt</ext-link></p><p id="p-6"><bold>Zitiert als</bold></p><p id="p-7"><italic>Arnold, Matthias, Alexandra Büttner, Jörg Heseler, und Simon Worthington. 2023. „Digitale Publikationen im Kulturbereich: Beispiele und Eigenschaften – Umfrageergebnisse aus der NFDI4Culture Community“.</italic><italic> Die Arbeitsgruppe „Digitale Publikationen und Daten“.</italic><italic> Deutschland. </italic><italic><ext-link xlink:href="https://doi.org/10.5281/zenodo.7126012" ext-link-type="uri" xlink:title="null">https://doi.org/10.5281/zenodo.7126012</ext-link></italic><italic>.</italic></p><p id="p-8">Im Rahmen von <ext-link xlink:href="https://nfdi4culture.de/" ext-link-type="uri" xlink:title="null">NFDI4Culture</ext-link>, Task Area 4 (TA4), untersucht die Arbeitsgruppe „Digitale Publikationen und Daten“ die vielfältigen Möglichkeiten, mit denen Initiativen, Verlage, Forscher und Forschungsprojekte ihre Publikationen für Open Scholarship digital aufbereiten. Ziel der Arbeitsgruppe ist es, Kriterien zu erarbeiten, die als Leitfaden für Wissenschaftler:innen bei der Erstellung von Publikationen und den dazugehörigen Forschungsdaten dienen können, wobei der Schwerpunkt auf der langfristigen digitalen Archivierung liegt. Zu diesem Zweck vergleicht und betrachtet die Arbeitsgruppe ein breites Spektrum von Publikationen, das von herkömmlichen wissenschaftlichen Abhandlungen und Monographien bis hin zu multimodalen Projektergebnissen und angereicherten Datenbanken sowie sogenannten Enhanced Publications reicht.</p><p id="p-9">Um ein vollständiges Bild der in der NFDI4Culture Community vorhandenen Enhanced Publications zu erhalten, wurde eine Online-Umfrage durchgeführt, um einerseits repräsentative Beispiele zu sammeln, andererseits ein besseres Verständnis zu bekommen, was die NFDI4Culture Community unter Enhanced Publication versteht und welche Merkmale sie damit assoziiert. Sowohl die vorhandene Literatur als auch die ersten Diskussionen innerhalb der Arbeitsgruppe haben gezeigt, dass es schwierig ist, einen Konsens für einen Begriff zu finden, der für diese neue Phase des wissenschaftlichen Publizieren im Kulturbereich verwendet werden kann. Als Ausgangspunkt wurde der Begriff „<italic>enhanced publications“ </italic>(<xref ref-type="bibr" rid="ref-1">Woutersen-Windhouwer und Brandsma 2009</xref>) gewählt.</p><disp-quote><p id="p-10">We define an enhanced publication as a publication that is enhanced with three categories of information: (1) research data (evidence of the research), (2) extra materials (to illustrate or clarify), or (3) post-publication data (commentaries, ranking).</p><p id="p-11"><italic><ext-link xlink:href="https://pure.uva.nl/ws/files/797811/77072_Deliverable_4point1_final_revised_1_.pdf" ext-link-type="uri" xlink:title="null">Report on Enhanced Publications state-of-the-art</ext-link></italic>, Saskia Woutersen–Windhouwer &amp; Renze Brandsma (UvA), April 2009. (<xref ref-type="bibr" rid="ref-2">Woutersen-Windhouwer u. a. 2009</xref>)</p></disp-quote><p id="p-12">Die Umfrage hat jedoch gezeigt, dass die meisten Beispiele weit über Standard-Forschungspublikationen oder digitale Sammlungen hinausgehen. Das zeigt, dass ein neuer Begriff benötigt wird, der diese <italic>multimodale-multimediale-multilokale </italic>Transformation von digitalen Publikationen präziser benennen kann.</p><p id="p-13">Die vorläufige Literaturauswertung (die am Ende des Berichts zu finden ist: <ext-link xlink:href="https://docs.google.com/document/d/17JlM_S9LoVe7Yz3OqJGSb0R3vbjziqLTzU96_UU8uQ0/edit#heading=h.9zlspgq8xdcn" ext-link-type="uri" xlink:title="null">Literaturliste</ext-link>) und eine E-Mail-Umfrage unter einigen unserer Forumsteilnehmer:innen haben jedoch Gemeinsamkeiten zutage gebracht: So versteht die Mehrheit unter einer Enhanced Publication eine digitale Publikation, die wissenschaftliche Methoden verwendet, aus verschiedenen Teilen besteht und offen zugänglich ist.</p><fig id="F61248881"><label>Abbildung 1</label><caption><p>Die vier Entwicklungsrichtungen einer Enhanced Publication</p></caption><graphic position="anchor" xlink:href="76e32c27-79e3-4621-91ea-0eb264cb75d6.png"/></fig><p id="p-14"><bold><break /></bold>Tendenziell sind unterschiedliche Entwicklungen zu beobachten: Zum einen ging die Idee einer Enhanced Publication in Richtung <italic>Scientific Publication</italic>, wo Forschungsdaten die Reproduzierbarkeit unterstützen, zum anderen ging sie in Richtung <italic>Semantic Publication</italic>, wo Metadaten die maschinengestützte Auswertung und automatische Verlinkung von Publikationen vorantreiben oder aber sie ging in Richtung <italic>Rich Media Publication</italic>, wo Interaktivität und Multimedia das Verständnis einer Publikation fördern. Für den Aufgabenbereich TA4 „Datenarchivierung und -publikation“ ist natürlich die Langzeitarchivierung bzw. die Verteilung der Komponenten einer solchen Publikation an verschiedenen Orten sowie die Erschließung in zentralen Katalogen interessant – in der obiger Abbildung als <italic>Distributed Preserved Publication </italic>bezeichnet.</p><p id="p-15">Auf Basis dieser Erkenntnisse erstellte die Arbeitsgruppe diese erste Umfrage.</p><sec id="h-1"><sec id="H3954656"><title>Ergebnisse der Umfrage Enhanced Publication</title><p id="p-16">Das Hauptziel der Umfrage war es, Beispiele für Enhanced Publications mit Titel und Webadressen aus der NFDI4Culture Community zu erhalten. Die Gruppe nutzte die Gelegenheit, um nach Begriffen und Eigenschaften zu fragen, die die Community mit einer Enhanced Publication assoziiert. Die Umfrage wurde zwischen April und Mai 2022 über das Twitter-Profil und die Mailingliste von NFDI4Culture verteilt. Die für die Umfrage verwendete Software war LimeSurvey.</p><p id="p-17">Inhaltlich wurden zu Beginn eine kurze Selbstvorstellung über unsere Arbeitsgruppe und die bereits erwähnten Ziele der Umfrage aufgeführt. Um die Teilnehmer:innen zu lenken, erwähnte die Gruppe nur, dass sich unsere Forschung auf offene Publikationen mit „multimodalen Präsentationen“ und „angereicherten historischen Datensätzen“ konzentriert und „konventionelle Forschungspublikationen“ in Form von wissenschaftlichen Artikeln und Monographien auslässt.</p><fig id="F31139281"><label>Abbildung 2</label><caption><p>Are you familiar with the term Enhanced Publication? / Kennen Sie den Begriff „Enhanced Publication“? (38 Antworten)</p></caption><graphic position="anchor" xlink:href="bd0c8035-a19d-4243-ba9a-47f988f8130b.png"/></fig><p id="p-18">Insgesamt gingen 83 Submits ein. Davon wurden 25 Fragebögen vollständig ausgefüllt. Der Rest war zwischenzeitlich aus der Umfrage ausgestiegen. Die Anzahl der Antworten ist daher in Klammern hinter jeder Frage angegeben. Allerdings nimmt die Zahl im Laufe der Zeit ab. Unsere erste Frage lautete, ob die Teilnehmer:innen mit dem Begriff „Enhanced Publication“ vertraut waren. Etwas mehr als die Hälfte (55 %) der Teilnehmer:innen gab an, den Begriff zu kennen.</p><fig id="F89242311"><label>Abbildung 3</label><caption><p>Die Arbeitsgruppe hat sich für den Begriff „Enhanced Publication“ entschieden, um komplexe digitale Publikationen zu beschreiben, aber es könnte auch andere Begriffe geben, die von verschiedenen Gemeinschaftsgruppen häufiger verwendet werden: What other terms are you familiar with? / Welche anderen Begriffe sind Ihnen bekannt? (15 Antworten)</p></caption><graphic position="anchor" xlink:href="e6bd38a3-684a-4c80-ab68-5be59390bb6d.png"/></fig><p id="p-19">In der zweiten Frage fragte die Gruppe nach alternativen Begriffen für erweiterte Veröffentlichungen, die ebenso komplexe, digitale Veröffentlichungen beschreiben, aber in der Gemeinschaft üblicher sind. Einige Teilnehmer:innen nannten mehrere Begriffe. Zu den Top 4 gehören: „Digital publication”, „Online publication“, „Multimedia publication“ und „Data publication“.</p><fig id="F52753671"><label>Abbildung 4</label><caption><p>Let us know spontaneously what three terms you associate with an enhanced publication. / Sagen Sie uns spontan, welche drei Begriffe Sie mit einer Enhanced Publication assoziieren. (25 Antworten)</p></caption><graphic position="anchor" xlink:href="f553dc2f-5423-46c3-84c9-7de4f7baa7bc.png"/></fig><p id="p-20">Bei der dritten Frage wurden die Teilnehmer:innen gebeten, spontan drei Begriffe zu nennen, die sie mit einer Enhanced Publication in Verbindung bringen. Grob geclustert waren die am häufigsten genannten fünf: an erster und zweiter Stelle (je 44%) „Multimedia content“ und „interactive content“, die fast immer im Zusammenhang genannt wurden; an dritter Stelle (40%) „Attached research data“, an vierter Stelle (32%) „Links in the publication“ und an fünfter Stelle (28%) „Structured parsable content“, wobei hier Raum für Interpretationen der Antworten besteht: Wenn ein Teilnehmer:innen z.B. „Hypertext“ angab, meinte er/sie damit die Maschinenlesbarkeit des Inhalts oder die Interaktivität von Links innerhalb oder zwischen mehreren Dokumenten?</p><fig id="F43775711"><label>Abbildung 5</label><caption><p>Please provide title and URL of examples for an enhanced publication you know. / Bitte geben Sie Titel und URL von Beispielen für eine Enhanced Publication an, die Ihnen bekannt sind. (13 Antworten, geordnet nach Fachgebieten)</p></caption><graphic position="anchor" xlink:href="4853012b-81a4-4dda-a758-5f634ef7e98b.png"/></fig><p id="p-21">In der vierten Frage wurde die Community nach Beispielen für Enhanced Publications mit Titel und URL gefragt. Es wurden 13 Beispiele für Enhanced Publications genannt. Die meisten kamen aus dem Bereich der Musikwissenschaft und der Kunstgeschichte. Die Ergebnisse wurden in einer Tabelle gesammelt und werden derzeit ausgewertet und nach den festgelegten Kriterien geclustert.</p><fig id="F21079741"><label>Abbildung 6</label><caption><p>Veröffentlichung aus der Musikwissenschaft. Bodily, Paul, and Dan Ventura. ‘Steerable Music Generation Which Satisfies Long-Range Dependency Constraints’. <italic>Transactions of the International Society for Music Information Retrieval</italic> 5, no. 1 (25. März 2022): 71–86. <ext-link xlink:href="https://doi.org/10.5334/tismir.97" ext-link-type="uri" xlink:title="null">https://doi.org/10.5334/tismir.97</ext-link></p></caption><graphic position="anchor" xlink:href="3e803bbb-9f80-49fa-a0e1-0263fca6d2a5.png"/></fig><p id="p-22">Das Spektrum der Beispiele war sehr breit. Es wurden wissenschaftliche Artikel vorgeschlagen, zum Beispiel über KI-gestützte Musikkompositionen aus dem Bereich der Musikwissenschaft, die an Publikationen aus den Naturwissenschaften erinnern (siehe Abbildung oben). Bei diesem Artikel handelt es sich um einen HTML-Artikel mit einer zusätzlichen druckbaren PDF-Fassung. Der Artikel hat persistente Identifier (DOI und ISSN) sowie eine JATS/XML-Strukturierung. Darüber hinaus werden Forschungsdaten in Form von verlinktem Java-Quellcode in GitHub bereitgestellt, mit Primärdaten. Die Publikation setzt sich also aus Teilpublikationen zusammen, die auf verschiedenen Plattformen, also <italic>multilokal</italic>, veröffentlicht sind. Der Artikel selbst ist zudem in eine sehr interaktive Weboberfläche mit Diskussions- und Kommentarfunktionen eingebettet. Insgesamt waren alle von den Befragten angeführten Beispiele, wie auch diese <italic>multimodale</italic> und <italic>multilokale</italic> Publikation, Open Access und offen lizenziert.</p><fig id="F71621841"><label>Abbildung 7</label><caption><p>'Symphonie Nr. 5 (Beethoven)'. <italic>Wikipedia</italic>, 1. Mai 2022.<ext-link xlink:href="https://en.wikipedia.org/wiki/Symphony_No._5_(Beethoven)" ext-link-type="uri" xlink:title="null"> https://en.wikipedia.org/wiki/Symphony_No._5_(Beethoven)</ext-link></p></caption><graphic position="anchor" xlink:href="0896efca-de81-41c7-b797-f3df5950584d.png"/></fig><p id="p-23">Ein Wikipedia-Artikel über Beethovens 5. Sinfonie, der mit Forschungsdaten und Audiodateien angereichert wurde, wurde ebenfalls angegeben. Wikipedia-Artikel sind versioniert, haben aber keinen persistenten Identifier (PID).</p><fig id="F37092101"><label>Abbildung 8</label><caption><p>Publikation aus dem Bereich der Kunstgeschichte (links) mit integriertem Röntgenwerkzeug (rechts). Quelle: Gifford, E. Melanie. ‘Rubens’s Invention and Evolution: Material Evidence in The Fall of Phaeton’. Journal of Historians of Netherlandish Art. Accessed 1 Mai 2022.<ext-link xlink:href="https://jhna.org/articles/rubens-invention-evolution-fall-of-phaeton/" ext-link-type="uri" xlink:title="null"> https://jhna.org/articles/rubens-invention-evolution-fall-of-phaeton/</ext-link></p></caption><graphic position="anchor" xlink:href="13e3f300-9748-40d8-8395-4efb8316f426.png"/></fig><p id="p-24"><bold><break /></bold>Auch wissenschaftliche Artikel, wie dieser aus dem Bereich der Kunstgeschichte, wurden als Beispiele aufgeführt. In diesem Artikel (siehe Abbildung oben) geht es um die Analyse eines Gemäldes des flämischen Künstlers Peter Paul Rubens. In dieser Publikation wurde mittels eines IIIF-Viewers eine interaktive Anwendung integriert, in der man verschiedene kommentierte kunsttechnologische Aufnahmen betrachten kann.</p><fig id="F97910561"><label>Abbildung 9</label><caption><p>UrbanHistory4D-Projektwebsite (links) und integrierte 3D-Browser-App (rechts). Quelle: Hofmann, Mathias, Sander Münster, and Florian Niebling. ‘Research Group Urban History 4D – Explore and Discover City History in Four Dimensions’, 2021.<ext-link xlink:href="http://www.urbanhistory4d.org/wordpress/" ext-link-type="uri" xlink:title="null"> http://www.urbanhistory4d.org/wordpress/</ext-link></p></caption><graphic position="anchor" xlink:href="ebe86d17-c2b6-402e-be95-e4a0dedc0f7a.png"/></fig><p id="p-25">Ebenso wurden viele Projektwebseiten genannt, wie z.B. das Projekt „UrbanHistory4D” mit einer integrierten 3D-Browser-App: der Dresdner Altmarkt in 3D mit verorteten historischen Fotografien in verschiedenen Zeiträumen.</p><fig id="F74212691"><label>Abbildung 10</label><caption><p>Publikation mit einer kurzen Zusammenfassung (links) und Verweis u.a. zu einer Bildergalerie (rechts). Quelle: Schmidt, Yvonne, Sarah Marinucci, Demis Quadri, Nele Jahnke, Sara Boccini, and Anton Rey. ‘DisAbility on Stage: Hybrid Media Publication’, 1. Januar 2019.<ext-link xlink:href="https://doi.org/10.5281/zenodo.4019011" ext-link-type="uri" xlink:title="null"> https://doi.org/10.5281/zenodo.4019011</ext-link></p></caption><graphic position="anchor" xlink:href="d32c5547-f770-4675-bc75-44586d99811d.png"/></fig><p id="p-26">Dieses Beispiel „DisAbility on Stage: Hybrid Media Publication” kennzeichnete, dass es als Art Landing Page fungiert, da es eher Zugang zu einer Sammlung von <italic>multimedialen</italic> Publikationen bietet, die auf verschiedenen Plattformen, also <italic>multilokal</italic>, publiziert wurden und hier mit einem persistenten Identifier (DOI) zusammengeführt werden. </p><fig id="F92914211"><label>Abbildung 11</label><caption><p>Website des „Digital Mozart Score Viewer“ MoVi. Quelle:<ext-link xlink:href="https://dme.mozarteum.at/movi/en" ext-link-type="uri" xlink:title="null"> https://dme.mozarteum.at/movi/en</ext-link></p></caption><graphic position="anchor" xlink:href="bbf1c103-730f-4b7c-9243-745e8f79fc2e.png"/></fig><p id="p-27">Es wurden auch Projekt-Websites mit Musikplayern für digitalisierte Werke von Mozart, Beethoven oder Jazz angegeben. Diese Websites bieten interaktive Notenblätter mit Music Encoding Initiative (MEI) Code und mehrere Audioaufnahmen, zwischen denen der Hörer wählen kann.</p><fig id="F91704951"><label>Abbildung 12</label><caption><p>Which of the following features are characteristic for an enhanced publication? / Welche der folgenden Merkmale sind charakteristisch für eine erweiterte Veröffentlichung? (23 Antworten, Durchschnitt)</p></caption><graphic position="anchor" xlink:href="5791a023-257e-4802-98ec-ce70ed7bd425.png"/></fig><p id="p-28">In der fünften Frage dieser Umfrage wurden die Befragten gebeten, die Eigenschaften von nicht wichtig bis sehr wichtig zu bewerten. Die Ergebnisse sind hier in der Reihenfolge der Häufigkeit aufgeführt. Da die Gruppe eher an den Begriffen interessiert war, die mit einer Enhanced Publication verbunden sind, wurden keine weiteren Erklärungen zu den Merkmalen gegeben. Die fünf am häufigsten genannten Merkmale sind: 1.) Online, 2.) Persistente Identifier (PIDs), 3.) FAIR-Prinzipien, 4.) Interconnected outputs by metadata / vernetzte Ausgaben über Metadaten und 5.) Open Access.</p><fig id="F79618421"><label>Abbildung 13</label><caption><p>Do you know where you can publish an enhanced publication? / Wissen Sie, wo Sie Enhanced Publications publizieren können? (22 Antworten)</p></caption><graphic position="anchor" xlink:href="789ea77f-73da-4920-9d29-f1fc693d797d.png"/></fig><p id="p-29">In der Umfrage wurde auch nach Veröffentlichungsmöglichkeiten für Enhanced Publications gefragt. Nur fünf Befragte gaben an, dass sie wissen, wo sie erweiterte Publikationen veröffentlichen können.</p><fig id="F77290431"><label>Abbildung 14</label><caption><p>Personal details / Angaben zur Person. Which community do you belong to? Which type of institution do you belong to? Which role do you have at your institution? / Welcher Community gehören Sie an? Welcher Art von Institution gehören Sie an? Welche Rolle haben Sie in Ihrer Einrichtung? (Alle 23 Antworten)</p></caption><graphic position="anchor" xlink:href="553c4796-2b0b-4ec0-ac07-727ebcb1233d.png"/></fig><p id="p-30">Ganz zum Schluss wurden auch persönliche Daten abgefragt. Es waren Teilnehmer:innen aus allen Disziplinen der NFDI4Culture vertreten. Überwiegend aus dem Bereich der Kunstgeschichte, Musikwissenschaft und Medienwissenschaft. Die Mehrheit der Befragten arbeitet an einer Universität und ist in der Forschung tätig.</p></sec><sec id="H2658403"><title>Schlussfolgerung und Ausblick</title><p id="p-31">Die Arbeitsgruppe wird die Umfrageergebnisse nutzen, um ein <italic>Working Paper </italic>zu erstellen, das zum einen dazu beitragen soll, praktische Empfehlungen für die Verbesserungen von digitalen Publikationen zu geben, z. B. durch die Anwendung von Workflows, die Einbindung von Standards oder die Nutzung von Software-Plattformen; zum anderen sollen die Begrifflichkeiten rund um das digitale Publizieren beleuchtet und auch hinterfragt werden. Das langfristige Ziel der Arbeitsgruppe ist es, eine Guideline für Wissenschaftler:innen der gesamten NFDI4Culture Community zu erstellen. </p><p id="p-32">In der Umfrage wurde festgestellt, dass mehr als drei Viertel aller Befragten nicht wissen, wo sie Enhanced Publications in der NFDI4Culture Community veröffentlichen können. Die TA4 hat bereits damit begonnen, auf solche Anfragen zu reagieren, indem sie z.B. eine<ext-link xlink:href="https://nfdi4culture.de/resources/repositories.html" ext-link-type="uri" xlink:title="null"> Übersicht über Forschungsdaten-Repositorien und -Dienste für die Kulturdisziplinen</ext-link> bereitstellt, in der die unterstützten Medientypen für jeden Publikations- und Archivierungsdienst angegeben sind.</p><p id="p-33">Der Begriff „Enhanced Publication“ war der Ausgangspunkt für die Gruppe, um die digitalen Eigenschaften einer Veröffentlichung zu beschreiben. Die Umfrage hat gezeigt, dass es eine Vielzahl von Beispielen gibt, die über Standard-Forschungspublikationen oder digitale Sammlungen hinausgehen. Darüber hinaus hat sie gezeigt, dass auf Grund des steten digitalen Wandels ein Begriff benötigt wird, der <italic>multimodale, multimediale und multilokale</italic> Publikationen erfassen kann und dass der Begriff „Enhanced Publication” nicht mehr ganz zutreffend ist. Letztendlich ist es die derzeitige Diskrepanz zwischen der Publikationspraxis und den verfügbaren Infrastrukturen, sowie neu hinzukommenden Funktionen und Methoden, die es zu einer Herausforderung machen, nicht nur einen Namen festzulegen, sondern auch die praktischen Schritte zur Verbesserung der Publikationspraxis herauszufiltern und so die Lücke zwischen Bedarf und Angebot zu schließen.</p></sec></sec></body><back><ref-list><ref id="ref-1"><element-citation publication-type="report"><person-group person-group-type="author"><name><surname>Woutersen-Windhouwer</surname> <given-names>Saskia</given-names></name>, <name><surname>Brandsma</surname> <given-names>Renze</given-names></name></person-group><source>Report on Enhanced Publications State-of-the-Art</source><date iso-8601-date="2009" date-type="published"><year>2009</year></date><pub-id pub-id-type="doi">https://hdl.handle.net/11245/1.319787</pub-id></element-citation></ref><ref id="ref-2"><element-citation publication-type="book"><person-group person-group-type="author"><name><surname>Woutersen-Windhouwer</surname> <given-names>Saskia</given-names></name>, <name><surname>Brandsma</surname> <given-names>Renze</given-names></name>, <name><surname>Hogenaar</surname> <given-names>Arjan</given-names></name>, <name><surname>Hoogerwerf</surname> <given-names>Maarten</given-names></name>, <name><surname>Doorenbosch</surname> <given-names>Paul</given-names></name>, <name><surname>Dürr</surname> <given-names>Eugène</given-names></name>, <name><surname>Ludwig</surname> <given-names>Jens</given-names></name>, <name><surname>Schmidt</surname> <given-names>Birgit</given-names></name>, <name><surname>Sierman</surname> <given-names>Barbara</given-names></name></person-group><source>Enhanced Publications : Linking Publications and Research Data in Digital Repositories</source><publisher-name>Amsterdam University Press</publisher-name><date iso-8601-date="2009" date-type="published"><year>2009</year></date><pub-id pub-id-type="doi">10.5117/9789089641885</pub-id><ext-link ext-link-type="web" xmlns:xlink="http://www.w3.org/1999/xlink" xlink:href="https://doi.org/10.5117%2F9789089641885"/></element-citation></ref></ref-list></back></article>